name,address,phone
Pioneer Gas,"631 INDUSTRIAL AVE., OTTAWA, ON",NA
Pioneer Gas,"590 MONTREAL RD., OTTAWA, ON",NA
Pioneer Gas,"1134 OGILVIE RD., GLOUCESTER, ON",NA
Pioneer Gas,"1795 BANTREE ROAD, OTTAWA, ON",NA
Pioneer Gas,"2931 BANK ST., GLOUCESTER, ON",NA
Pioneer Gas,"2688 ST. JOSEPH BLVD., ORLEANS, ON",NA
Pioneer Gas,"712 RIDEAU STREET NORTH, KEMPTVILLE, ON",NA
Pioneer Gas,"2140 HWY #31, WINCHESTER, ON",NA
Pioneer Gas,"10418 HIGHWAY 7 RR 2, CARLETON PLACE, ON",NA
Pioneer Gas,"RR #3 10514 COUNTY RD., MOUNTAIN, ON",NA
Pioneer Gas,"439 13TH STREET W., CORNWALL, ON",NA
Pioneer Gas,"3019 COUNTY RD. 29, BROCKVILLE, ON",NA
Pioneer Gas,"560 KING STREET E., GANANOQUE, ON",NA
Pioneer Gas,"2236 PRINCESS ST., KINGSTON, ON",NA
Pioneer Gas,"1233 MIDLAND AVE., KINGSTON, ON",NA
